Name	title	coding
t3_qprmam	Your experience in MATH 396/410	c
t3_qprgxb	Recommendations for U3 electives?	c
t3_qpqlpc	Difficulty to find a date at McGill :/	o
t3_qpo74y	Grading at McGill	c
t3_qpo84a	How many days ahead do you typically start studying for a midterm?	o
t3_qpma8y	How long does it take to get official transcripts?	o
t3_qpkl4v	what is this about? seems sus	o
t3_qpkcxp	Peculiar microwave ?	f
t3_qphe5x	Starting a band	o
t3_qphp3l	Hot chocolate	f
t3_qpfm5z	Flags lowered in memory of deceased students: Cause of death?	o
t3_qpdtsm	International student insurance coverage for consultation with a doctor outside McGill	o
t3_qp884q	My only source for a reference doesn't want to be a reference - what to do?	o
t3_qp87j2	On-campus study spots with nice outside view ?	o
t3_qp5hbh	anyone took mgcr 382 with Nicholas Matziorinis?	c
t3_qp3xao	To full time students/part time workers in the Life Sciences program, what should be the maximum amount of hours you allot for work without compromising your studies??	c
t3_qou8zc	fall 2021 SSMU referendum starts tomorrow!	o
t3_qos56x	Quick SOCI235 Questions	c
t3_qodyxq	Wellness hub replacement?	o
t3_qod30w	Where to buy Honeycomb?	f
t3_qoa51e	Cloudberry and a friend	o
t3_qo9l6v	Is Submitting a Final Exam Paper to a Journal Problematic?	o
t3_qo77a3	CodeJam Updates!	o
t3_qo5qd4	Cat chasing birds outside of McConnell today (what should we name them?)	o
t3_qnu45p	Pottery stations in montreal	o
t3_qnu3xn	Any fans of Better Call Saul?	o
t3_qns1ue	Petition for Thomson House Menu change!	f
t3_qnqqcq	Good complementary classes with no essays (engineering)	c
t3_qnqo17	Nail places downtown??	o
t3_qnqejc	Final exams and webwork	c
t3_qnowoj	UPDATE: KEYS FOUND!!!	o
t3_qnosog	Anyone been to Gerts bar recently?	o
t3_qnnvxb	Watching UFC Events Near Campus	o
t3_qnm80d	birth control @ wellness hub	o
t3_qnmk8g	Where are Bell customer service people located?	o
t3_qnfz1o	Here's a nice secret study spot - can anyone guess where it is?	o
t3_qnevrn	Need recommendations for interview tips	o
t3_qncnpo	Question about Richard Roy	o
t3_qn2tjp	midterm grade and course grade	c
t3_qn2sji	REAL TALK FRIDAY	o
t3_qmxg3q	seeing a dermatologist as an intl student	o
t3_qmx929	Ontario student. Can I pick up a prescription here?	o
t3_qmvj56	course equivalency	c
t3_qmtz2g	MGCR 341 midterm location	c
t3_qmt2hq	Can you talk in the Redpath floor 2 pods?	o
t3_qmsx3x	atm near campus	o
t3_qmqm93	Is 3.7 GPA good for a Psychology major?	c
t3_qmpl37	LOST MY KEYS NEAR MCGILL details in comments please return if found it is a very sentimental item.	o
t3_qmndra	Comment on OSD exams?	c
t3_qmgzy4	BIOL215 midterm thoughts?	c